plant,split,tag,seed,features,train_frac,clip,leak_%,MAE,RMSE,R2,persist_R2,skill_vs_persist,R2_day_shuffled,epochs,best_epoch,R2_drop_day_shuffled
1,chrono,,0,calendar,0.7,0.0,0.1768,0.2529,0.4336,0.789,0.6778,0.1908,0.7589,9,,0.0301
1,chrono,,1,calendar,0.7,0.0,0.1768,0.2351,0.3835,0.8349,0.6778,0.2842,0.8228,10,2.0,0.0121
1,chrono,,2,calendar,0.7,0.0,0.1768,0.2396,0.4026,0.818,0.6778,0.2485,0.8135,12,4.0,0.0046
1,chrono,clip,1,calendar,0.7,1.0,0.1768,0.2214,0.3886,0.8305,0.6778,0.2747,0.8173,12,4.0,0.0132
1,chrono,full60,0,calendar,0.7,0.0,0.1768,0.2563,0.4362,0.7865,0.6778,0.1859,0.7555,60,1.0,0.031
1,chrono,nocal_clip,0,nocal,0.7,1.0,0.1768,0.2256,0.3999,0.8205,0.6778,0.2536,,9,1.0,
1,chrono,nocal_clip,1,nocal,0.7,1.0,0.1768,0.2246,0.4025,0.8181,0.6778,0.2488,,9,1.0,
1,chrono,nocal_clip,2,nocal,0.7,1.0,0.1768,0.2184,0.4101,0.8113,0.6778,0.2347,,10,2.0,
1,chrono,origin50_clip,0,calendar,0.5,1.0,0.0,0.4671,0.7993,0.3751,0.6527,-0.3414,0.3519,17,9.0,0.0232
1,chrono,origin60_clip,0,calendar,0.6,1.0,0.0,0.2347,0.4306,0.7926,0.7264,0.1294,0.7928,16,8.0,-0.0002
1,chrono,physics_clip,0,physics,0.7,1.0,0.1768,0.2296,0.4356,0.787,0.6778,0.187,,9,1.0,
1,chrono,physics_clip,1,physics,0.7,1.0,0.1768,0.2243,0.406,0.815,0.6778,0.2423,,9,1.0,
1,chrono,physics_clip,2,physics,0.7,1.0,0.1768,0.2034,0.3735,0.8434,0.6778,0.303,,9,1.0,
1,random,,0,calendar,0.7,0.0,90.8835,0.059,0.1168,0.9865,0.6838,0.7931,0.8727,60,,0.1138
1,random,,1,calendar,0.7,0.0,91.2017,0.0542,0.1198,0.9855,0.6815,0.7865,0.8722,60,59.0,0.1133
2,chrono,,0,calendar,0.7,0.0,0.1761,0.3731,0.6201,0.4343,0.528,-0.0947,0.4511,9,,-0.0168
2,chrono,,1,calendar,0.7,0.0,0.1761,0.3455,0.5999,0.4704,0.528,-0.0592,0.487,14,6.0,-0.0166
2,chrono,,2,calendar,0.7,0.0,0.1761,0.3915,0.677,0.3257,0.528,-0.1952,0.3734,10,2.0,-0.0477
2,chrono,clip,0,calendar,0.7,1.0,0.1761,0.3135,0.5352,0.5786,0.528,0.0551,0.5963,11,3.0,-0.0177
2,chrono,clip,1,calendar,0.7,1.0,0.1761,0.3861,0.6493,0.3796,0.528,-0.1464,0.395,10,2.0,-0.0153
2,chrono,clip,2,calendar,0.7,1.0,0.1761,0.4368,0.7418,0.1903,0.528,-0.3097,0.237,10,2.0,-0.0467
2,chrono,full60,0,calendar,0.7,0.0,0.1761,0.3909,0.6597,0.3597,0.528,-0.1647,0.3922,60,3.0,-0.0324
2,chrono,nocal_clip,0,nocal,0.7,1.0,0.1761,0.2775,0.4903,0.6463,0.528,0.1344,,11,3.0,
2,chrono,nocal_clip,1,nocal,0.7,1.0,0.1761,0.3027,0.5373,0.5753,0.528,0.0514,,21,13.0,
2,chrono,origin50_clip,0,calendar,0.5,1.0,0.0,0.3643,0.6151,0.5944,0.4846,0.1129,0.5904,16,8.0,0.004
2,chrono,origin60_clip,0,calendar,0.6,1.0,0.0,0.3842,0.6363,0.4124,0.4824,-0.0655,0.4124,9,1.0,0.0
2,chrono,physics_clip,0,physics,0.7,1.0,0.1761,0.2942,0.5543,0.548,0.528,0.0214,,20,12.0,
2,chrono,physics_clip,1,physics,0.7,1.0,0.1761,0.2407,0.4374,0.7185,0.528,0.2277,,10,2.0,
2,chrono,physics_clip,2,physics,0.7,1.0,0.1761,0.3048,0.5467,0.5602,0.528,0.0348,,19,11.0,
2,random,,0,calendar,0.7,0.0,91.0294,0.1497,0.366,0.8633,0.5311,0.4601,0.6783,60,,0.185
2,random,,1,calendar,0.7,0.0,91.067,0.1615,0.3729,0.8623,0.5455,0.4496,0.7016,60,58.0,0.1607
