plant,split,tag,R2_mean,R2_std,MAE_mean,MAE_std,RMSE_mean,RMSE_std,persist_R2_mean,persist_R2_std,skill_vs_persist_mean,skill_vs_persist_std,R2_drop_day_shuffled_mean,R2_drop_day_shuffled_std,leak_%_mean,leak_%_std,n_seeds,paper_R2
1,chrono,,0.814,0.0232,0.2425,0.0092,0.4066,0.0253,0.6778,0.0,0.2412,0.0472,0.0156,0.0131,0.1768,0.0,3,0.9692
1,chrono,clip,0.8056,0.0242,0.2435,0.0217,0.4156,0.026,0.6778,0.0,0.2243,0.0486,0.0196,0.0098,0.1768,0.0,3,0.9692
1,chrono,full60,0.7865,,0.2563,,0.4362,,0.6778,,0.1859,,0.031,,0.1768,,1,0.9692
1,chrono,nocal_clip,0.8166,0.0048,0.2228,0.0039,0.4042,0.0053,0.6778,0.0,0.2457,0.0098,,,0.1768,0.0,3,0.9692
1,chrono,origin40_clip,-0.0323,,0.6765,,1.0468,,0.64,,-0.6933,,0.0052,,0.0,,1,0.9692
1,chrono,origin50_clip,0.3751,,0.4671,,0.7993,,0.6527,,-0.3414,,0.0232,,0.0,,1,0.9692
1,chrono,origin60_clip,0.7926,,0.2347,,0.4306,,0.7264,,0.1294,,-0.0002,,0.0,,1,0.9692
1,chrono,physics_clip,0.8151,0.0282,0.2191,0.0138,0.405,0.0311,0.6778,0.0,0.2441,0.058,,,0.1768,0.0,3,0.9692
1,random,,0.986,0.0007,0.0566,0.0034,0.1183,0.0021,0.6827,0.0016,0.7898,0.0047,0.1135,0.0003,91.0426,0.225,2,0.9692
2,chrono,,0.4102,0.0753,0.3701,0.0232,0.6323,0.04,0.528,0.0,-0.1164,0.0705,-0.027,0.0179,0.1761,0.0,3,0.7956
2,chrono,clip,0.4031,0.1559,0.373,0.0502,0.6326,0.0833,0.528,0.0,-0.1168,0.1471,-0.0234,0.0131,0.1761,0.0,5,0.7956
2,chrono,full60,0.3597,,0.3909,,0.6597,,0.528,,-0.1647,,-0.0324,,0.1761,,1,0.7956
2,chrono,nocal_clip,0.6156,0.0267,0.2874,0.0105,0.5109,0.0176,0.528,0.0,0.098,0.0311,,,0.1761,0.0,5,0.7956
2,chrono,origin40_clip,0.6111,,0.357,,0.5944,,0.4136,,0.1856,,0.0075,,0.0,,1,0.7956
2,chrono,origin50_clip,0.5944,,0.3643,,0.6151,,0.4846,,0.1129,,0.004,,0.0,,1,0.7956
2,chrono,origin60_clip,0.4124,,0.3842,,0.6363,,0.4824,,-0.0655,,0.0,,0.0,,1,0.7956
2,chrono,physics_clip,0.6154,0.0709,0.2805,0.0256,0.5094,0.0485,0.528,0.0,0.1006,0.0857,,,0.1761,0.0,5,0.7956
2,random,,0.8628,0.0007,0.1556,0.0083,0.3695,0.0049,0.5383,0.0102,0.4548,0.0074,0.1729,0.0171,91.0482,0.0266,2,0.7956
